date,title,source,url,fetched_at
2026-07-15,Latest Report on Export of Black Pepper From Vietnam: Vietnam Black Pepper Exporters Database - TradeImeX,TradeImeX,https://news.google.com/rss/articles/CBMigAFBVV95cUxQTlVpSWRtejY2X0VLWWVteVJBN0lJNGVacVZtYmFRUGIyMHhNd1VKRkI1R182S1ZudE5uTlluS3psdkN5Q3dmZS1RUC1WTnZpYUxuazZWRWJWVXhlWVpBMFBLalFnZlJobW8wdWxxUlhMZ0RPR20yMldlOUNHemlmUg?oc=5,2026-07-21T10:55:05+00:00
2026-07-15,NCDEX relaunches Black Pepper Futures to establish India's leadership in Global price discovery - Agro Spectrum India,Agro Spectrum India,https://news.google.com/rss/articles/CBMi1wFBVV95cUxQdS1JU2lGSGJGNTAtUU5RVlNWTmZKTGR5UFZMTFBNSVdlRFZmVGxwTHIwZFRhU3BWNXZ3MXNIS0I4ZTZvaTM1WHEycml0em1EM0Qwejl6T0dJczhNdFNXWW84OENMMWVaRFVRSnRjTjJjWm9MZHFVWVBSOHdfa1d6N3hyYVZxal95cUxKemxBR3J1THUxUWRtZzYyVDgwSnBpOTU5NEdtOV9zN1VjYmpXVWFXRWdkMWlsS0daMlI2TmdWOEQ5c0pZY1gydm5KaFMxcmlhVXFNSQ?oc=5,2026-07-21T10:55:05+00:00
2026-07-10,"Industry players welcome relaunch of NCDEX Black Pepper Futures, call for strict regulations - The Hindu",The Hindu,https://news.google.com/rss/articles/CBMi3gFBVV95cUxNYW5VWWJmTk1LZWE0Y2RKZGdSVUlNcUdTaGF0TU9IOHAzX1VHYmJybjlEZzZ4NEJhZFg0M1M3ZUJ0bXA5bXRWMXFJSmh3V1htZU5zQk02Z1gtWVNIT2VTeHl4VXdiczR4blBnSHpiVTlZVE0tVFNOaFJyTmFhUWZ1OGc2QVFqN19ZVExwRUp6YmtoNDlWQTJ3U3BzNkJMN3ZUVVVtR2F6NjQxVEpUXzdkLXI3cGpLcjY1WncwQmhOMUhPQ0d5cFcyQ01waXV4MG8wWTdtM08xX1h5Z2JRdkHSAeQBQVVfeXFMTksxQzlqVEJyaXJraXhYWG1zUTg2aV9LbXFOYTlZSVd6R2NORFBzMzZsemxRc2FlbVVEdXo0NnIwY1pVLXVPMXF1T2ZLTXNPbWVaQkJDTXI5TEFnN3VNMnZmdG5qTDMwcDZrQ0M2cVFqcGRIX0xqbjFSM2wzMGFBRWFfSV9uQWVWOUdtOE9CWXhqNEtPZEktYkRqYlVJaHNkWFltQm96M01JWWFzaGFHY0FCWmw1VGhrZnZpRVA5bElJUVJ2MF9vUm8xUHJUdHpTd1J3Wlk5VUx5RmZSQTN5NVl2c1VF?oc=5,2026-07-21T10:55:05+00:00
2026-07-08,"NCDEX to relaunch pepper futures in Kochi, targets equity market entry by December 2026 - DhanamOnline",DhanamOnline,https://news.google.com/rss/articles/CBMi0AFBVV95cUxQVUx0VDBVYnE0ejRVTWQ3bVBQSkF3enU5dTZNcW41aXR0bXBiS3FJWlExMl9HZW5iZEdURE9MT19hZFFPNExoZm40Y3RFb0NJYnlsMkNuelVDRENQV0t6VWJuWWlYLVdBdV9OaG0wOFcxaTBwbExQVjN2MnZJSHhEdWZFSDV4Yjk5cEtCTFdtTThMc1FoRXREcDFzajJMalRfejlxQllTMFdCdkZsT3F6MUVDZEJ6M19ZYXJYcVcwQ08zZUd2c1ZqNmhkdFItRWpW0gHeAUFVX3lxTFBjNWZTOFpuSkstTFp0alI4ZG8zMUU5QmRvUUpZWm1pc01iRWRSbW0wSFprVnl4RGVldUxrQWZmeUJLQkR4bXdrb2pncEdFejJ5NEpmcHNZZzBkb0NaandRQ1FYeTQ2bEZtblhwdVNpeUgxMFF1MUQ0aDZ0cUIxWjRUVnJOUUlqRFRIWVZNdHcwYXpLUlRtSTNlN25QcmplNkx6S2VvWk4zcm9NLWdGWERkbEdMZHJlSXdXSzNXcFVfckFGRV9YRHo5RlF3U2FjQlpiU2NjN3NVendLV0tIZw?oc=5,2026-07-21T10:55:05+00:00
2026-07-07,NCDEX relaunches black pepper futures after 14 years; Kochi to be pricing hub - The New Indian Express,The New Indian Express,https://news.google.com/rss/articles/CBMiygFBVV95cUxPcWNzOUtDTEZxX3Y5eEJZeFpLdjI4MFhBdjhaMG9oajVlVWFpa0F4UDZBRFlyWWFudHU3YW9WQXB1V2ZuZjBkTkJFV3BZc3g2ZXRJMERDRlgwMW1wdWdYa1JmeXZCMTBhRmZpbW1ub0syWjE2ZjFsSE1ldjN3NnpKYTFqRy1pM3YzRkp4Wi1FdWVreVNVbGc1WVY2cnRZbkYwREZ4UzRwRG9fWks3OF9XNWMycTZhNy1iMm9fRVBRQXlzQVNuWWs4UjdR0gHXAUFVX3lxTFBrcFBWMVFvUzljbVpkY2gzSmE5TFh0aEZLXzZVYThDM2huamdUVGo2ZkY2MWk3TE1UOVJ2UVlKYmxKSlJnOTB5M1R1U1RPdWRUcjc0cWktYy1ETUNacG1jcm95SzN0emVVaTBLLUhTekZ0cmY3X1lGQ09YUzY5WlpaQk1GS2JtVFJiTGtQNW5ZQmZ6U0hWa1ZrQVpWMkpEbkxNYlBCM3NnbkJkQnVkcWJSb2ZqMEdadzVaUXV4cEVpQ09wM01BeUREN29GRzBaNzZWRkxNV1Iw?oc=5,2026-07-21T10:55:05+00:00
2026-07-07,NCDEX revives black pepper futures to boost India's price discovery - The Economic Times,The Economic Times,https://news.google.com/rss/articles/CBMi3gFBVV95cUxPb0J1OXVTYXB2QlBFRWg5Q3psM2ljUUpFRVl1cjdrN2Y0Q1hKcXVnZjF1YjZuaGhFcGpCWnRXUXVjUWdRa29DR3hqU1JuNGRNSXAtejB6Y3hkcXVhalFtNTU1SVRJeDdFOVF3cUdPWjQ2cVV1a0VfWTJmWC1EbE5hcVVhUWVBcmdwNkNRcG9uUEtRRG9kUHI0SmdNTHVtcmVHc1hLTFQ4d1NQODBvVUEwUHQtNGkyaEZEVGFpVnJsaXpGU3YxQ0NzelI3TUdoQVkwZlYxTFJrdDhGUmFiWWfSAeMBQVVfeXFMTWRPeHNKVE1XbG5kZ1p6MWlQMlFLQjE4Z0NYMExiRFhMZndsUDJ5eVo5MVNCOTI2bmY0YzE0S1dSV2Y3TzByNHJoMmJlNTFhNHU3Y0M2T283c1FuWHQ5VWtNUG5NSzZPOGRiNWZnWmM0RktOM0ZjR2VWQlpIQkVWZjdZN0NiOFliVWRFdi1PdlRaVnZQd3A3OExGRDZrOU44N21RMF9WWUM4R25HekNTOHNrdW1taTZ4TGR2QlgwUnFmQ2FNZDAtQUhIamJTeVlEby1GTlJQaGR0NmNBU1NYcnN1Mm8?oc=5,2026-07-21T10:55:05+00:00
2026-07-07,NCDEX Relaunches Black Pepper Futures After Decade to Strengthen India's Price Discovery - Earnings Surprise Report - dars.gov.et,dars.gov.et,https://news.google.com/rss/articles/CBMizAFBVV95cUxOVTBJMkEzTzcyOS05TUFFQkJCakJGQTRtQ2RVd1pGYnloZFRkQ2o4bVhMeDdvRm4zUHNQVDZ6WXhkUm1ScXpId21HRHFXNmJGNk5sNU40ZGtRcXpKU3NQbFNlYW5vZTNDRmZNVnN2LXRuMVd6SVNEcVQyeU5qT0RpajdpTnNYSllXM1gtYWpNOTRNcGpRbkR3SnczOHc4aTdLbjZfTG8wVmxEMEktUWVWZjFTMmI4QnU5Q0tiMmtGNnkwRXFoaE1tMTBxZEY?oc=5,2026-07-21T10:55:05+00:00
2026-07-07,NCDEX Relaunches Black Pepper Futures to Strengthen India’s Global Price Discovery Role - Free Cash Flow Trends - dars.gov.et,dars.gov.et,https://news.google.com/rss/articles/CBMiyAFBVV95cUxORk0wRVpiOGtVYnd2U1JXRHBWOGx1QTZSckJiUVhGSnREWWgyZ2FvQmQ5RzlqSGl5cDJiNTlkcHoxZ0VoS3RsWlBHdUtzOHpLZWdLZm1kR1Fhd2dGM3IwOUtzMGZ5cVBRb3huXzloMjNyZ1dsQ1Nuak9weWF1Wm9seWRuVzBFbXRCUmJPVjZsM2JKNXJmYTRMVmtSLTVNTU5WWGh2TUFMY1d2YnBOcnJwcWhfNkNpVEMzUV9UQU9qMl8wN29UZXFjTQ?oc=5,2026-07-21T10:55:05+00:00
2026-07-07,"NCDEX Brings ‘Har Ghar Investor’ to Kochi, Launches Black Pepper Futures - Unique Times Magazine",Unique Times Magazine,https://news.google.com/rss/articles/CBMimgFBVV95cUxNRG9JcDIwTmFrTkpzbEdxbGdZNzAwOC1kZmlnQjhxY3B5QlJsVGUtSVZ6RVhwMjA5Mi0wcUViWklUTTFzaEhtMnpHcEk0ZGU2UlJTMExrNzV4Wjk4UmNRbXRzaDBSM0Z1ZXpUbXdWT3k5VXlVOU1UMkwxYnVYTC1xZWZMY2laQ0kzV1FlZG9KdU53aXZrQ1FvMExR?oc=5,2026-07-21T10:55:05+00:00
2026-07-07,NCDEX Relaunches Black Pepper Futures After Decade-Long Hiatus to Strengthen India's Price Discovery Role - Positive Surprise Momentum - dars.gov.et,dars.gov.et,https://news.google.com/rss/articles/CBMi4AFBVV95cUxNQnRhbHZmTTRQNHQtMWQtM01kLUxWTTlwZGhBdGYzWTItMVZ2Q0hmcm13SGg2S0VYNGlkdHVwcFowNFMtYkdDSk8xRUJFVDhyeXlJTnk2T3V1Y1ppWTR5TWxXc0F5VXBRWlR4WTFHb05vTFFTcHNRU2JIUjJHVGFBYmZZQlVVc0U4Um5MREtDRlZUakQ5UHh6ZDd2T3ZycXBHcjlaUXppMkNsRXV0LUZrbDNQMThUVlp0eUVuQUxPQlZJYnExdFBwYlFMY0V6RzNYRi02M09sYTFTVlcyYVgxYw?oc=5,2026-07-20T15:26:16+00:00
2026-07-07,NCDEX relaunches black pepper futures after 14 years; Kochi to be pricing hub - MSN,MSN,https://news.google.com/rss/articles/CBMiwwFBVV95cUxOemlsYUNIUmw0S1NGT3JCUUtEUW8tb3FreHFvQXhzUjlHNmpFeFZnV2JaMDVHTG1jdFl5QzlCQTdKYkstTmFVbFBGMzk1VHdxUjR3eTlOWEVOUGVOWnl5RGlUYktxcDViZHhVRDdzZTJCMEEwR1hHTlAyN3FWWnc2YzgwZFpCQnhUYk9fMVdBNUIwWjB5c3JDdDFyV0xzd21LWVRxSFdEU2pfT0xxb29GaTRQV0F2YjFLcS04UUwzZ0xYdzQ?oc=5,2026-07-17T14:56:00+00:00
2026-07-07,NCDEX Relaunches Black Pepper Futures After Decade-Long Hiatus to Strengthen India's Price Discovery Role - Guidance Accuracy Score - DonanımHaber,DonanımHaber,https://news.google.com/rss/articles/CBMi6AFBVV95cUxPVFl6MThjdVNLaVNocnBZRE9yRDhiNDhUSlIxY3pQdU83ZG40a1ZtN1oyRzRHSWxTWkVHRzNYTDVIdjNEaUM4SU5Nd0VUYjhFbWRIVkRkaTlVTVhHSXQzYmVqQ203RllZcHV3Ny1OREZ5MUJxSnFSYXkwY0MtY09KU014TnNjY0RQNUt5T3RyeFR6QmpUbXBGTGFRNW1TNU5oOHdOanhVcXZLOGl1bkJTbTlnMi1JU0ZpVUZ3ZWkzbGZqemxYOG5IZnJQY0J6ZXVtc3p5c2lVWnhfeEJxS2Vfa1BHMmc0bGtq?oc=5,2026-07-16T15:17:01+00:00
2026-07-07,NCDEX Relaunches Black Pepper Futures After Decade-Long Hiatus to Strengthen India’s Commodity Pricing - EBITDA Estimate Trend - dars.gov.et,dars.gov.et,https://news.google.com/rss/articles/CBMi3gFBVV95cUxOSUdPdE4zLWNPUVdGVXJpc1NqQWdQWVBmN091NXR0c3hLYWQ2dzlFZWFmM013YWl6M3paVUFaTFBva2E1UEVXS3ZNYUJZRXVLNFREeDhnaTQzS3hSbzRlTGlSb3BZcGl1dmNLMm9fVTUwZ08tZ2NLeTFzZUFsbkthZlhKZE5OS2tBc1lnbWRsbVB5NldabWxqN3daTG12T2xBYXlncldrejRoTnB6bWwxSHpyTDRTVFowQ2h6RWlObjJ2T1JEVXRuMWJqTjNwM0pWNnZiZ3hkZ1pLelVLNnc?oc=5,2026-07-10T15:44:05+00:00
2026-06-25,"Gold prices fall Rs 6,000/10 gram in two days; silver tanks Rs 15,500/kg on rate hike fears. Time to sell - The Economic Times",The Economic Times,https://news.google.com/rss/articles/CBMiiwNBVV95cUxNbXBzbG5Wbk44Z2NlclFkNWdzQWFRWlVBSGV0XzNtVlFxdVliQnVORXdPUjlVY1cycGUtM1lmdTZneFdYc2xNT3A5ejdHX0hTLU9Wd2h4M2pCbExwSjVVN0F5OXVUSGx3LVdjUURuRlFYTFFoVmpjcno3ZHB6bHltSEM1YVhYV0I5dnZnclJ2MGZDWUtWUmRoVGpRRlJvcVNMUU1lQXFtXzBweWN5bnhiTllrdjJTQ0JIenRJMHBwODV5djNnUzlkbHJBR2dYMURVMmZ4d0FYSlpIejFscFg0NUwyUDBLYld0WTk0ckVCb2Q1WFc5SDJZc05GLV9UTjhEYlEtaTB0QTkyQTd2NWk2dnlycHA1YVVfQ01SckF6anBDUWxOWnliZ040VHEzZzFYWFI2Vl9QRXdJdEdvWElzZXI1MzVGZ1IzcVVwRzh4ZFRZc1RjZXJfSjRKWEl2UzI5dEJHcVJUYUFUWlBQOGdLZElxUHQzRUU0cWxGX0ZVb19lMURYNTMyR2Exb9IBkANBVV95cUxNUWZwYXlLRnotYWtyaGYwS1hVUEdQN2xGNnBvVEVBaV83anFRSXNZSFhWS2ZMWThGeEVrdjJ3TllCQU5vZWR6dFN2WDFZRkQ1MmVQLVN4SWRsbEU3aVN5Nm1xVHJjUlFuSF90WnJyRGZsWDVYVnNtUi1Xc3Q5TzhVTDJ0M1EtdzNPUGpWYTJwaDZkcjd6X2pCRjBCV2ZUbmdoMTBFWHBsNkZpY3BJTkF3cmdmM0h5Si1pQjIxMVlzZVhwbnZoNEpDMTF0X2ZfMHV2dkE0SHZRRWEzWHV2eFQ4SXF5N0x5NGNRVkluQUtYcWNwZU5zU0xISk9VNkNabnhfTzNiZEdmX0F0a3NkV2ZGVjItMnlCbThXY21weW15QzktRkJPSUdmSUhTcE53RmNDQUNFOHk2XzFNQXpaYVZxTElZejZlTUpMLVFEYjJzTm4yZ3oydXpTSkNhUDhrTjhUT051OENISWlYQ184MzVJbkp0OWk3c2l2eWp3Q0J5QzFBSndXRjBRUjVoSjJnVDBV?oc=5,2026-07-21T10:55:05+00:00
2026-06-18,Spice market update: pepper prices under pressure - Mundus Agri,Mundus Agri,https://news.google.com/rss/articles/CBMijwFBVV95cUxPR0tXWHVWWHd0RGZFNlFoWld5ZjlyMVdmRWMydU9fTzBqRE9hajJyLXlzQkFjMmczQldvQlQyMHZrNHdVb0E5NFdOYTZJSmllS2VFa3c2am9LT2F2NTFLdXVjUE9CNWNYRXRVdk1xcVNqQmU1MHJRdUhyRkpZZ01FRDU1SVNqTHBLU1F3aF9LQQ?oc=5,2026-07-21T10:55:05+00:00
2026-06-09,"Silver prices fall Rs 2,500/kg, gold at Rs 1.54 lakh/10 gm as investors assess Israel-Iran war tensions. W - The Economic Times",The Economic Times,https://news.google.com/rss/articles/CBMipgJBVV95cUxQbXIwaVF4bHl3Q1E1eHo1UHZKSEMxQ0NvMGk3MzFWX1hLX3RIa1k5QXctdERlMExrbHNpTUR6enVQM1JHWGh1Y3BON0l4akdlSjFHVDRNTkllRUlTa0I4Z2hYd05tc1hmVkw4SVRjVV9Sb1NfVE1Rd0h6MXZQRko5bVNBZE1FMFdQZV9QYzdmcWV6Vm1kX2dWZnhiVS1XMjVTQXU3d25jTE4tNXB2ZGtGYXJia0t2eS1ic0ZtNkt6RjIwVFgwa1Uta1JkUGVhYUd6dUVjRUFyaXMyZmJCMks5Slo2TzlKc0lBYWtSVW5wYnMyUEw3YTNaenlvV2FZMnp0aUtSUkQzekdRLTR0WUhPUmJYSXlYeEdlNWppbVVKcEdZMkZWTkHSAasCQVVfeXFMUGNwa0FCZEtKUWFfUnNmMkx4Y0J0NGVOQVBKTjVQVERlRm1KZW9UTlVZd3FJMEpaSVUwQ0I4T1lWejJVRWJLUk1TaHk1SE8tSVpYMmxOdlBrbVZCRk9yWTc5dVdOLVFLMVU2c0tta3R0MUd6bWk3LS1tYkhsLVZrRENYRGdkR1RnNW1nb3U3QXk3cThVeTdaLVRUdkxBYTZFWkdSQTNsbEctQjd5aGl4V1R2aHNnNjE2X3gxc29PLWUxRWV6eEhtUVNvckV2aGdJQzNjT2hOR3lBM2hLbGdUbHlDTXE5bGFEWUJZN3pJeDlrQjZRbm42LXNGVDRYSUhGWkN0bGNWUmlHdnhBRWNnSHFtQVdrS3BTTGRJaWhIN09WUTVOOEtnemc2RUE?oc=5,2026-07-21T10:55:05+00:00
2026-05-21,Spices: Iran war not the only market driver - Mundus Agri,Mundus Agri,https://news.google.com/rss/articles/CBMifkFVX3lxTE00MUJncWlnTXZzZDFWczJMV0QxQm81cUhUV196cnJXLVRTbDhxSlVJVWwxb3NibnF3QkRneDlVc1ZsZkc5MFpBM1Z4VXVIUlFnRFp4dVExTkZiWmJUdEw0bzhla2o1cmJIUk5qMjJlbGdfQUxRaldUdk5qSlhOdw?oc=5,2026-07-21T10:55:05+00:00
2026-05-12,Pre-monsoon buying keeps black pepper prices steady - BusinessLine,BusinessLine,https://news.google.com/rss/articles/CBMiygFBVV95cUxOeGEyVnE0ZXhWX0djcDZxU0dkT2xvY3hsWXhheXFRdzUwUHRFbHVMbXdoSmZyS21tZVlqY3dtVk9iWk5uN3hhalVCcTZZeGkxMGw0bTJwaXRKVHdQVHJqRm1XTHdIRlNOWkpOTzdhOEpCUFZfYXJWVTV3azBjS2hnX1VRV1c4ZE1pSTVnTFVnRHR3V3lOY3p2WnU2Z3Y1NmtNSXVJSVVkeGlIWkdBSF9HZXJZd1J0RmRBU1pqUWE1ZGxmekJWaXYxRlhB0gHQAUFVX3lxTE5KbGt0OTRjZnBidmg4QzJadmxXLXBIMjRLSEpqTjJSdzJ5c2RzbjFrblQ4RTNtU0xsWHZjcWZwM2x0X0xCS3FUR3NGUmpEX19scXpvVTF0NGFFd2tHVzlSSzRDUmJiSFpyQURSczh5ckU4T1VBMVdxZ3d6YmtQeGxBZURxUHMzU1dyTHpUNTdzOUtLaHhtdWp5eXFNSWUwbGRidnZXM3h0QUFjbUlvdXN5Q2d6c3U1MDU4R0JseXpXNkRhZjJuR2Z3YVpYTVdoY3k?oc=5,2026-07-21T10:55:05+00:00
2026-05-08,Kerala Black Pepper prices remain firm amid limited arrivals across key markets - Agro Spectrum India,Agro Spectrum India,https://news.google.com/rss/articles/CBMiwwFBVV95cUxPbjdWTy03Ul9UbG81SDltSFEzVkFoaWpUZk9DR3NaWDZ2Y05seXR5bXJ0aFFrUnB4UFVUNURRMWRqMzVqYzFjUVN3SDh2NDZ0bmstN1ljQjh5M0ZmT1ljOV9Lel9ycFhTMVdZMjBJTEpFbERQdE91Ty1IVVRLbHBMMk1pYVFZOWpiUnl0aEt2OHdzaEc3WmlkUHIzaG9kalZBemVqajJkYk5pcWo3R1h1WWpwUjdpLVdDX2hHVGdSMXRCWUk?oc=5,2026-07-21T10:55:05+00:00
2026-05-08,Spice market update: no price rally on the chilli market - Mundus Agri,Mundus Agri,https://news.google.com/rss/articles/CBMikwFBVV95cUxPVHRrUnVmWnBsQUlfTy1lMDRVSEFUUlpNT1BfTUhHWGN6ZzB1MzFJUnVPbkpQbHl2YjJMNGVKUDdoUDhtZG0xWHVfS1pmcHFJS0RPdVBNeU5mY19CLW01c1I4NzdaTzYwM3pLZmhUOVdqY041YlE1dzdiM0hWOXE2eUJadF9KQzNjaVpFSm5XQThRVmc?oc=5,2026-07-21T10:55:05+00:00
2026-04-27,"Black Pepper Market Size, Share & Forecast to 2036 - Future Market Insights",Future Market Insights,https://news.google.com/rss/articles/CBMickFVX3lxTFAtQmkwRV9IOWxwS19BLXhHTEtHM0xCR2R2bTRtLXprY0hHR2NsR0Ffd1hWWERsZTBYMm1TUUZtUWlfT0RUdFVSTW4yZ1N3b3FvVk56d1EybDBzTW9pbGpYaTJLYk5Zek5iN2ltU25SeXhJQQ?oc=5,2026-07-11T10:08:27+00:00
2026-04-23,Spice market update: new crop arrivals impacted - Mundus Agri,Mundus Agri,https://news.google.com/rss/articles/CBMijwFBVV95cUxNMzlTSTZIUURCZTVZWGVrUHJleGl2WmxqZHZPSjVqUVlxeXViTjRLdkczWkNzX2xENFBjR0x2OEg4VXJTN0J2Yk54Mk1Ma0Y1RlVzZ3BNeno1am1FdS1oQzRWREQtT2hiYTBxUk0tY3NZMENDbmo1R3doNGJxZ2RndFZiY2VxU3dtalZhWElfQQ?oc=5,2026-07-21T10:55:05+00:00
2026-04-16,Spice market update: supply and demand issues - Mundus Agri,Mundus Agri,https://news.google.com/rss/articles/CBMijAFBVV95cUxPclk5b3J2R3lfbTlSWUtzVng0STliMlBKUzE3MHI1cE9nMEtTeGltSV9KMHAyUEFpX2thb1E5dE1Rbk1jLVc2S1Bxa3RPblpzRUdNejIxeGtsVElMRXd1N2RDZXpOX25IMFhkdEJiaExoVzlyUXhGVWk3dmxibjhMdC16YllHR3lFZ2FlYg?oc=5,2026-07-21T10:55:05+00:00
2026-04-13,"Black Pepper Market Size, Share, Trends & Analysis, 2034 - Market Data Forecast",Market Data Forecast,https://news.google.com/rss/articles/CBMieEFVX3lxTE8ycUZTWWc1TjB5X0k2bzJxYTNXamIwUTVDaHBQVmZJY3plTkFVZmJNQjd5c3U5SEQtR0RkRXNGTFZWSllDYmtVckpETThsMHlXSFdCTWtpNEtvaHVvVzJsWFNQalNYYW8wbEJPa2xOSlJvREdHRWx5RQ?oc=5,2026-07-21T10:55:05+00:00
2026-04-10,Spice market update: pepper growers hold back goods - Mundus Agri,Mundus Agri,https://news.google.com/rss/articles/CBMikwFBVV95cUxNd3dNZkhqUWFjUlhmaGJvMWkwck1tZjE4Z3Z1bGg3d2taTnJnM0lXQm9uRFRvZXlpR3M1YlkxbjZWYjVyUXQzWXkyc0w4a3RpajBkVjY1RGFKVDI1TDdCRkxsY3lKUXExNzVZQ0JxXzZ3Y3JmdkttYlNSRjFpTWhDWkd5TldzQ2xiWm5YcXZ3cmtxR1k?oc=5,2026-07-21T10:55:05+00:00
